{
    "name": "root",
    "gauges": {
        "Manipulator.Policy.Entropy.mean": {
            "value": 1.389965295791626,
            "min": 1.389965295791626,
            "max": 1.4189382791519165,
            "count": 83
        },
        "Manipulator.Policy.Entropy.sum": {
            "value": 14010.849609375,
            "min": 11629.783203125,
            "max": 25608.998046875,
            "count": 83
        },
        "Manipulator.Environment.EpisodeLength.mean": {
            "value": 37.23549488054608,
            "min": 29.78292682926829,
            "max": 670.2666666666667,
            "count": 83
        },
        "Manipulator.Environment.EpisodeLength.sum": {
            "value": 10910.0,
            "min": 10054.0,
            "max": 13661.0,
            "count": 83
        },
        "Manipulator.Step.mean": {
            "value": 995995.0,
            "min": 11809.0,
            "max": 995995.0,
            "count": 83
        },
        "Manipulator.Step.sum": {
            "value": 995995.0,
            "min": 11809.0,
            "max": 995995.0,
            "count": 83
        },
        "Manipulator.Policy.ExtrinsicValueEstimate.mean": {
            "value": -9.11721420288086,
            "min": -40.368648529052734,
            "max": -0.10381963104009628,
            "count": 83
        },
        "Manipulator.Policy.ExtrinsicValueEstimate.sum": {
            "value": -2671.34375,
            "min": -3923.771240234375,
            "max": -2.491671085357666,
            "count": 83
        },
        "Manipulator.Environment.CumulativeReward.mean": {
            "value": -16.868259192377636,
            "min": -366.5999984741211,
            "max": -11.045365931311759,
            "count": 83
        },
        "Manipulator.Environment.CumulativeReward.sum": {
            "value": -4942.399943366647,
            "min": -6232.199974060059,
            "max": -4357.200031787157,
            "count": 83
        },
        "Manipulator.Policy.ExtrinsicReward.mean": {
            "value": -16.868259192377636,
            "min": -366.5999984741211,
            "max": -11.045365931311759,
            "count": 83
        },
        "Manipulator.Policy.ExtrinsicReward.sum": {
            "value": -4942.399943366647,
            "min": -6232.199974060059,
            "max": -4357.200031787157,
            "count": 83
        },
        "Manipulator.IsTraining.mean": {
            "value": 1.0,
            "min": 1.0,
            "max": 1.0,
            "count": 83
        },
        "Manipulator.IsTraining.sum": {
            "value": 1.0,
            "min": 1.0,
            "max": 1.0,
            "count": 83
        },
        "Manipulator.Losses.PolicyLoss.mean": {
            "value": 0.034982357864214136,
            "min": 0.02582558352783646,
            "max": 0.04246637146191105,
            "count": 81
        },
        "Manipulator.Losses.PolicyLoss.sum": {
            "value": 0.034982357864214136,
            "min": 0.02582558352783646,
            "max": 0.04246637146191105,
            "count": 81
        },
        "Manipulator.Losses.ValueLoss.mean": {
            "value": 90.38832567740178,
            "min": 70.41209131876627,
            "max": 448.20697102864585,
            "count": 81
        },
        "Manipulator.Losses.ValueLoss.sum": {
            "value": 90.38832567740178,
            "min": 70.41209131876627,
            "max": 448.20697102864585,
            "count": 81
        },
        "Manipulator.Policy.LearningRate.mean": {
            "value": 1.4994995001999844e-06,
            "min": 1.4994995001999844e-06,
            "max": 0.00029615730128090004,
            "count": 81
        },
        "Manipulator.Policy.LearningRate.sum": {
            "value": 1.4994995001999844e-06,
            "min": 1.4994995001999844e-06,
            "max": 0.00029615730128090004,
            "count": 81
        },
        "Manipulator.Policy.Epsilon.mean": {
            "value": 0.10049979999999999,
            "min": 0.10049979999999999,
            "max": 0.19871909999999998,
            "count": 81
        },
        "Manipulator.Policy.Epsilon.sum": {
            "value": 0.10049979999999999,
            "min": 0.10049979999999999,
            "max": 0.19871909999999998,
            "count": 81
        },
        "Manipulator.Policy.Beta.mean": {
            "value": 1.4948019999999952e-05,
            "min": 1.4948019999999952e-05,
            "max": 0.0009873190899999998,
            "count": 81
        },
        "Manipulator.Policy.Beta.sum": {
            "value": 1.4948019999999952e-05,
            "min": 1.4948019999999952e-05,
            "max": 0.0009873190899999998,
            "count": 81
        }
    },
    "metadata": {
        "timer_format_version": "0.1.0",
        "start_time_seconds": "1705578483",
        "python_version": "3.10.11 (tags/v3.10.11:7d4cc5a, Apr  5 2023, 00:38:17) [MSC v.1929 64 bit (AMD64)]",
        "command_line_arguments": "C:\\Users\\18021\\AppData\\Local\\Programs\\Python\\Python310\\Scripts\\mlagents-learn MLConfigs/Manipulator.yaml --run-id=run7",
        "mlagents_version": "1.0.0",
        "mlagents_envs_version": "1.0.0",
        "communication_protocol_version": "1.5.0",
        "pytorch_version": "2.1.2+cpu",
        "numpy_version": "1.23.1",
        "end_time_seconds": "1705579005"
    },
    "total": 521.6433887000894,
    "count": 1,
    "self": 0.01534510008059442,
    "children": {
        "run_training.setup": {
            "total": 0.08239510003477335,
            "count": 1,
            "self": 0.08239510003477335
        },
        "TrainerController.start_learning": {
            "total": 521.545648499974,
            "count": 1,
            "self": 1.0464909973088652,
            "children": {
                "TrainerController._reset_env": {
                    "total": 12.34326669992879,
                    "count": 1,
                    "self": 12.34326669992879
                },
                "TrainerController.advance": {
                    "total": 508.1182402026607,
                    "count": 74322,
                    "self": 0.9932179772295058,
                    "children": {
                        "env_step": {
                            "total": 339.21314870007336,
                            "count": 74322,
                            "self": 294.79192820040043,
                            "children": {
                                "SubprocessEnvManager._take_step": {
                                    "total": 43.72606580215506,
                                    "count": 74322,
                                    "self": 3.0704601043835282,
                                    "children": {
                                        "TorchPolicy.evaluate": {
                                            "total": 40.655605697771534,
                                            "count": 62769,
                                            "self": 40.655605697771534
                                        }
                                    }
                                },
                                "workers": {
                                    "total": 0.6951546975178644,
                                    "count": 74322,
                                    "self": 0.0,
                                    "children": {
                                        "worker_root": {
                                            "total": 508.25800560473,
                                            "count": 74322,
                                            "is_parallel": true,
                                            "self": 278.59732989489567,
                                            "children": {
                                                "steps_from_proto": {
                                                    "total": 0.00024939991999417543,
                                                    "count": 1,